{"cameraMode":{"drawMode":0,"name":"Shaded","section":"Shading Mode"},"sceneLighting":true,"audioPlay":false,"sceneViewState":{"m_AlwaysRefresh":false,"showFog":true,"showSkybox":true,"showFlares":true,"showImageEffects":true,"showParticleSystems":true,"showVisualEffectGraphs":true,"m_FxEnabled":true},"in2DMode":false,"pivot":{"x":-11.163270950317383,"y":1.0159034729003907,"z":1.8664398193359376},"rotation":{"x":0.09535308927297592,"y":-0.26197177171707156,"z":0.026018748059868814,"w":0.9600087404251099},"size":2.2840843200683595,"orthographic":false}