{"cameraMode":{"drawMode":0,"name":"Shaded","section":"Shading Mode"},"sceneLighting":true,"audioPlay":false,"sceneViewState":{"m_AlwaysRefresh":false,"showFog":true,"showSkybox":true,"showFlares":true,"showImageEffects":true,"showParticleSystems":true,"showVisualEffectGraphs":true,"m_FxEnabled":true},"in2DMode":false,"pivot":{"x":-13.434919357299805,"y":4.733377456665039,"z":6.444114685058594},"rotation":{"x":-0.028301408514380456,"y":-0.1166861355304718,"z":-0.0033264956437051298,"w":0.9927626848220825},"size":6.17664909362793,"orthographic":false}