{"cameraMode":{"drawMode":0,"name":"Shaded","section":"Shading Mode"},"sceneLighting":true,"audioPlay":false,"sceneViewState":{"m_AlwaysRefresh":false,"showFog":true,"showSkybox":true,"showFlares":true,"showImageEffects":true,"showParticleSystems":true,"showVisualEffectGraphs":true,"m_FxEnabled":true},"in2DMode":false,"pivot":{"x":18.1738338470459,"y":2.277186155319214,"z":30.387727737426759},"rotation":{"x":-0.003467810107395053,"y":-0.13558155298233033,"z":-0.0004755005065817386,"w":0.9907673597335815},"size":3.5381274223327638,"orthographic":false}