{"cameraMode":{"drawMode":0,"name":"Shaded","section":"Shading Mode"},"sceneLighting":true,"audioPlay":false,"sceneViewState":{"m_AlwaysRefresh":false,"showFog":true,"showSkybox":true,"showFlares":true,"showImageEffects":true,"showParticleSystems":true,"showVisualEffectGraphs":true,"m_FxEnabled":true},"in2DMode":false,"pivot":{"x":-2.8647398948669435,"y":-1.2838962078094483,"z":1.6004382371902466},"rotation":{"x":0.24066181480884553,"y":-0.1045844778418541,"z":0.026093408465385438,"w":0.9646092653274536},"size":3.569486141204834,"orthographic":false}