{"cameraMode":{"drawMode":0,"name":"Shaded","section":"Shading Mode"},"sceneLighting":true,"audioPlay":false,"sceneViewState":{"m_AlwaysRefresh":false,"showFog":true,"showSkybox":true,"showFlares":true,"showImageEffects":true,"showParticleSystems":true,"showVisualEffectGraphs":true,"m_FxEnabled":true},"in2DMode":false,"pivot":{"x":-6.64677095413208,"y":1.4399385452270508,"z":-0.2679014205932617},"rotation":{"x":0.008998465724289418,"y":-0.017998535186052324,"z":0.0001619004615349695,"w":0.9998031854629517},"size":0.578758716583252,"orthographic":false}