{"cameraMode":{"drawMode":0,"name":"Shaded","section":"Shading Mode"},"sceneLighting":true,"audioPlay":false,"sceneViewState":{"m_AlwaysRefresh":false,"showFog":true,"showSkybox":true,"showFlares":true,"showImageEffects":true,"showParticleSystems":true,"showVisualEffectGraphs":true,"m_FxEnabled":true},"in2DMode":false,"pivot":{"x":0.4295206069946289,"y":-0.24427306652069093,"z":-0.1802583932876587},"rotation":{"x":0.032987333834171298,"y":0.02098742127418518,"z":-0.0006940801977179945,"w":0.9992512464523315},"size":1.4813188314437867,"orthographic":true}