{"cameraMode":{"drawMode":0,"name":"Shaded","section":"Shading Mode"},"sceneLighting":true,"audioPlay":false,"sceneViewState":{"m_AlwaysRefresh":false,"showFog":true,"showSkybox":true,"showFlares":true,"showImageEffects":true,"showParticleSystems":true,"showVisualEffectGraphs":true,"m_FxEnabled":true},"in2DMode":false,"pivot":{"x":-29.41683006286621,"y":-4.480063438415527,"z":13.638890266418457},"rotation":{"x":0.09747742116451264,"y":-0.42435723543167117,"z":0.046009622514247897,"w":0.8990567326545715},"size":14.651949882507325,"orthographic":false}