{"cameraMode":{"drawMode":0,"name":"Shaded","section":"Shading Mode"},"sceneLighting":true,"audioPlay":false,"sceneViewState":{"m_AlwaysRefresh":false,"showFog":true,"showSkybox":true,"showFlares":true,"showImageEffects":true,"showParticleSystems":true,"showVisualEffectGraphs":true,"m_FxEnabled":true},"in2DMode":false,"pivot":{"x":-3.471050500869751,"y":3.089113473892212,"z":1.702956199645996},"rotation":{"x":0.24644678831100465,"y":-6.479360195044137e-7,"z":-0.0000022121062102087309,"w":0.9692065119743347},"size":6.071926116943359,"orthographic":false}