{"cameraMode":{"drawMode":0,"name":"Shaded","section":"Shading Mode"},"sceneLighting":true,"audioPlay":false,"sceneViewState":{"m_AlwaysRefresh":false,"showFog":true,"showSkybox":true,"showFlares":true,"showImageEffects":true,"showParticleSystems":true,"showVisualEffectGraphs":true,"m_FxEnabled":true},"in2DMode":false,"pivot":{"x":-1.622539758682251,"y":1.0003316402435303,"z":0.5069660544395447},"rotation":{"x":-0.021484095603227617,"y":0.9752360582351685,"z":-0.10918540507555008,"w":-0.1915997862815857},"size":0.48159369826316836,"orthographic":true}