{"cameraMode":{"drawMode":0,"name":"Shaded","section":"Shading Mode"},"sceneLighting":true,"audioPlay":false,"sceneViewState":{"m_AlwaysRefresh":false,"showFog":true,"showSkybox":true,"showFlares":true,"showImageEffects":true,"showParticleSystems":true,"showVisualEffectGraphs":true,"m_FxEnabled":true},"in2DMode":false,"pivot":{"x":-0.7220669984817505,"y":1.598459005355835,"z":11.49691390991211},"rotation":{"x":0.1315940022468567,"y":-0.020817168056964875,"z":0.002761527895927429,"w":0.9911283254623413},"size":8.143399238586426,"orthographic":false}