{"cameraMode":{"drawMode":0,"name":"Shaded","section":"Shading Mode"},"sceneLighting":true,"audioPlay":false,"sceneViewState":{"m_AlwaysRefresh":false,"showFog":true,"showSkybox":true,"showFlares":true,"showImageEffects":true,"showParticleSystems":true,"showVisualEffectGraphs":true,"m_FxEnabled":true},"in2DMode":false,"pivot":{"x":-0.8494484424591065,"y":-28.400367736816408,"z":-10.986320495605469},"rotation":{"x":0.007968787103891373,"y":0.8535703420639038,"z":-0.5207595825195313,"w":0.013061380945146084},"size":58.633331298828128,"orthographic":false}