{"cameraMode":{"drawMode":0,"name":"Shaded","section":"Shading Mode"},"sceneLighting":true,"audioPlay":false,"sceneViewState":{"m_AlwaysRefresh":false,"showFog":true,"showSkybox":true,"showFlares":true,"showImageEffects":true,"showParticleSystems":true,"showVisualEffectGraphs":true,"m_FxEnabled":true},"in2DMode":false,"pivot":{"x":-6.082184791564941,"y":-0.7244142293930054,"z":9.81148910522461},"rotation":{"x":0.13755890727043153,"y":0.01128895953297615,"z":-0.0015743104740977288,"w":0.9904677271842957},"size":7.087088584899902,"orthographic":false}