{"cameraMode":{"drawMode":0,"name":"Shaded","section":"Shading Mode"},"sceneLighting":true,"audioPlay":false,"sceneViewState":{"m_AlwaysRefresh":false,"showFog":true,"showSkybox":true,"showFlares":true,"showImageEffects":true,"showParticleSystems":true,"showVisualEffectGraphs":true,"m_FxEnabled":true},"in2DMode":false,"pivot":{"x":-14.376626968383789,"y":3.100353956222534,"z":0.1832278072834015},"rotation":{"x":-0.13172949850559236,"y":-0.6784164309501648,"z":-0.12555672228336335,"w":0.7117888927459717},"size":2.7548694610595705,"orthographic":false}