{"cameraMode":{"drawMode":0,"name":"Shaded","section":"Shading Mode"},"sceneLighting":true,"audioPlay":false,"sceneViewState":{"m_AlwaysRefresh":false,"showFog":true,"showSkybox":true,"showFlares":true,"showImageEffects":true,"showParticleSystems":true,"showVisualEffectGraphs":true,"m_FxEnabled":true},"in2DMode":false,"pivot":{"x":12.349095344543457,"y":3.5698399543762209,"z":0.41177356243133547},"rotation":{"x":0.07191428542137146,"y":-0.032687146216630939,"z":0.0026836292818188669,"w":0.9972268342971802},"size":2.505582094192505,"orthographic":true}