{"cameraMode":{"drawMode":0,"name":"Shaded","section":"Shading Mode"},"sceneLighting":true,"audioPlay":false,"sceneViewState":{"m_AlwaysRefresh":false,"showFog":true,"showSkybox":true,"showFlares":true,"showImageEffects":true,"showParticleSystems":true,"showVisualEffectGraphs":true,"m_FxEnabled":true},"in2DMode":false,"pivot":{"x":-14.829296112060547,"y":-0.08955293893814087,"z":4.077671051025391},"rotation":{"x":0.05732491984963417,"y":-0.5257454514503479,"z":0.03554169833660126,"w":0.8479687571525574},"size":5.1110453605651859,"orthographic":false}