{"cameraMode":{"drawMode":0,"name":"Shaded","section":"Shading Mode"},"sceneLighting":true,"audioPlay":false,"sceneViewState":{"m_AlwaysRefresh":false,"showFog":true,"showSkybox":true,"showFlares":true,"showImageEffects":true,"showParticleSystems":true,"showVisualEffectGraphs":true,"m_FxEnabled":true},"in2DMode":false,"pivot":{"x":-6.576056480407715,"y":1.26964271068573,"z":0.04697525501251221},"rotation":{"x":0.005184689536690712,"y":-0.5032783150672913,"z":0.003019710537046194,"w":0.8641048073768616},"size":0.5124793648719788,"orthographic":false}